"split","dataset","method","accuracy","TPR","TNR","balanced_accuracy","uncertainty"
"Test","Ames_mutagenicity","CATS_RF",0.747252747252747,0.766566265060241,0.726229508196721,0.746397886628481,0.566643519620267
"Test","Ames_mutagenicity","ECFP_RF",0.802197802197802,0.796686746987952,0.808196721311475,0.802441734149714,0.531924016024804
"Test","Ames_mutagenicity","ECFP_MLP",0.775510204081633,0.77710843373494,0.773770491803279,0.775439462769109,0.39278218699218
"Test","Ames_mutagenicity","SMILES_MLP",0.756671899529042,0.778614457831325,0.732786885245902,0.755700671538613,0.514999390047787
"Test","Ames_mutagenicity","SMILES_JMM",0.779434850863422,0.852409638554217,0.7,0.776204819277108,0.325804295161454
"Test","CHEMBL1862_Ki","CATS_RF",0.922619047619048,0.931034482758621,0.903846153846154,0.917440318302387,0.341078653042262
"Test","CHEMBL1862_Ki","ECFP_RF",0.93452380952381,0.922413793103448,0.961538461538462,0.941976127320955,0.254548631595952
"Test","CHEMBL1862_Ki","ECFP_MLP",0.922619047619048,0.922413793103448,0.923076923076923,0.922745358090186,0.133544018788029
"Test","CHEMBL1862_Ki","SMILES_MLP",0.875,0.913793103448276,0.788461538461538,0.851127320954907,0.0557734773135297
"Test","CHEMBL1862_Ki","SMILES_JMM",0.863095238095238,0.931034482758621,0.711538461538462,0.821286472148541,0.0326985741641268
"Test","CHEMBL1871_Ki","CATS_RF",0.808080808080808,0.903225806451613,0.648648648648649,0.775937227550131,0.427450139849495
"Test","CHEMBL1871_Ki","ECFP_RF",0.828282828282828,0.935483870967742,0.648648648648649,0.792066259808195,0.414300052207071
"Test","CHEMBL1871_Ki","ECFP_MLP",0.868686868686869,0.935483870967742,0.756756756756757,0.846120313862249,0.116340281173377
"Test","CHEMBL1871_Ki","SMILES_MLP",0.808080808080808,0.903225806451613,0.648648648648649,0.775937227550131,0.231822898561634
"Test","CHEMBL1871_Ki","SMILES_JMM",0.797979797979798,0.903225806451613,0.621621621621622,0.762423714036617,0.139563713740161
"Test","CHEMBL2034_Ki","CATS_RF",0.831325301204819,0.947368421052632,0.363636363636364,0.655502392344498,0.333779164965783
"Test","CHEMBL2034_Ki","ECFP_RF",0.86144578313253,0.954887218045113,0.484848484848485,0.719867851446799,0.299170197024699
"Test","CHEMBL2034_Ki","ECFP_MLP",0.849397590361446,0.924812030075188,0.545454545454545,0.735133287764867,0.263109085448605
"Test","CHEMBL2034_Ki","SMILES_MLP",0.849397590361446,0.932330827067669,0.515151515151515,0.723741171109592,0.129932515006813
"Test","CHEMBL2034_Ki","SMILES_JMM",0.843373493975904,0.93984962406015,0.454545454545455,0.697197539302802,0.0559320510915846
"Test","CHEMBL2047_EC50","CATS_RF",0.769230769230769,0.51219512195122,0.872549019607843,0.692372070779531,0.509528559688811
"Test","CHEMBL2047_EC50","ECFP_RF",0.846153846153846,0.609756097560976,0.941176470588235,0.775466284074605,0.385208626985315
"Test","CHEMBL2047_EC50","ECFP_MLP",0.832167832167832,0.634146341463415,0.911764705882353,0.772955523672884,0.0981769481089946
"Test","CHEMBL2047_EC50","SMILES_MLP",0.804195804195804,0.682926829268293,0.852941176470588,0.76793400286944,0.158204186393484
"Test","CHEMBL2047_EC50","SMILES_JMM",0.804195804195804,0.609756097560976,0.88235294117647,0.746054519368723,0.0907720689771642
"Test","CHEMBL204_Ki","CATS_RF",0.891107078039927,0.893280632411067,0.889261744966443,0.891271188688755,0.420091261288711
"Test","CHEMBL204_Ki","ECFP_RF",0.891107078039927,0.909090909090909,0.875838926174497,0.892464917632703,0.350513187574773
"Test","CHEMBL204_Ki","ECFP_MLP",0.882032667876588,0.877470355731225,0.885906040268456,0.881688197999841,0.155342521699786
"Test","CHEMBL204_Ki","SMILES_MLP",0.882032667876588,0.889328063241107,0.875838926174497,0.882583494707802,0.23125960234444
"Test","CHEMBL204_Ki","SMILES_JMM",0.88021778584392,0.853754940711462,0.902684563758389,0.878219752234926,0.0826926228596183
"Test","CHEMBL2147_Ki","CATS_RF",0.94413407821229,0.9609375,0.901960784313726,0.931449142156863,0.293447720587989
"Test","CHEMBL2147_Ki","ECFP_RF",0.952513966480447,0.96875,0.911764705882353,0.940257352941176,0.213216379815419
"Test","CHEMBL2147_Ki","ECFP_MLP",0.952513966480447,0.96875,0.911764705882353,0.940257352941176,0.0530770735714427
"Test","CHEMBL2147_Ki","SMILES_MLP",0.921787709497207,0.9609375,0.823529411764706,0.892233455882353,0.15785476331915
"Test","CHEMBL2147_Ki","SMILES_JMM",0.918994413407821,0.9609375,0.813725490196078,0.887331495098039,0.0640293469013948
"Test","CHEMBL214_Ki","CATS_RF",0.823019801980198,0.912175648702595,0.677524429967427,0.794850039335011,0.497992790088243
"Test","CHEMBL214_Ki","ECFP_RF",0.823019801980198,0.868263473053892,0.749185667752443,0.808724570403168,0.485989892668564
"Test","CHEMBL214_Ki","ECFP_MLP",0.839108910891089,0.880239520958084,0.771986970684039,0.826113245821061,0.286119819810195
"Test","CHEMBL214_Ki","SMILES_MLP",0.810643564356436,0.860279441117764,0.729641693811075,0.79496056746442,0.282460813320605
"Test","CHEMBL214_Ki","SMILES_JMM",0.808168316831683,0.870259481037924,0.706840390879479,0.788549935958701,0.12622195552941
"Test","CHEMBL218_EC50","CATS_RF",0.799163179916318,0.743119266055046,0.846153846153846,0.794636556104446,0.550410737899163
"Test","CHEMBL218_EC50","ECFP_RF",0.757322175732218,0.706422018348624,0.8,0.753211009174312,0.4698141207841
"Test","CHEMBL218_EC50","ECFP_MLP",0.736401673640167,0.678899082568807,0.784615384615385,0.731757233592096,0.16728287914812
"Test","CHEMBL218_EC50","SMILES_MLP",0.736401673640167,0.788990825688073,0.692307692307692,0.740649258997883,0.352792089313764
"Test","CHEMBL218_EC50","SMILES_JMM",0.728033472803347,0.688073394495413,0.761538461538461,0.724805928016937,0.188881610210313
"Test","CHEMBL219_Ki","CATS_RF",0.827683615819209,0.935779816513762,0.654411764705882,0.795095790609822,0.570864351362147
"Test","CHEMBL219_Ki","ECFP_RF",0.836158192090395,0.912844036697248,0.713235294117647,0.813039665407447,0.488246600859605
"Test","CHEMBL219_Ki","ECFP_MLP",0.822033898305085,0.844036697247706,0.786764705882353,0.81540070156503,0.304786181786155
"Test","CHEMBL219_Ki","SMILES_MLP",0.768361581920904,0.81651376146789,0.691176470588235,0.753845116028063,0.328592390507894
"Test","CHEMBL219_Ki","SMILES_JMM",0.788135593220339,0.862385321100917,0.669117647058823,0.76575148407987,0.162372845568586
"Test","CHEMBL228_Ki","CATS_RF",0.818407960199005,0.88936170212766,0.718562874251497,0.803962288189578,0.57553767159602
"Test","CHEMBL228_Ki","ECFP_RF",0.858208955223881,0.893617021276596,0.808383233532934,0.851000127404765,0.444002603374129
"Test","CHEMBL228_Ki","ECFP_MLP",0.845771144278607,0.91063829787234,0.754491017964072,0.832564657918206,0.174413007016463
"Test","CHEMBL228_Ki","SMILES_MLP",0.783582089552239,0.876595744680851,0.652694610778443,0.764645177729647,0.384224363710692
"Test","CHEMBL228_Ki","SMILES_JMM",0.81592039800995,0.893617021276596,0.706586826347305,0.80010192381195,0.191887334430642
"Test","CHEMBL231_Ki","CATS_RF",0.853211009174312,0.855769230769231,0.850877192982456,0.853323211875843,0.418905054384862
"Test","CHEMBL231_Ki","ECFP_RF",0.885321100917431,0.875,0.894736842105263,0.884868421052632,0.372937795177982
"Test","CHEMBL231_Ki","ECFP_MLP",0.894495412844037,0.913461538461538,0.87719298245614,0.895327260458839,0.0281347523552082
"Test","CHEMBL231_Ki","SMILES_MLP",0.830275229357798,0.884615384615385,0.780701754385965,0.832658569500675,0.148580644850562
"Test","CHEMBL231_Ki","SMILES_JMM",0.830275229357798,0.875,0.789473684210526,0.832236842105263,0.116177132516121
"Test","CHEMBL233_Ki","CATS_RF",0.842712842712843,0.897435897435897,0.753787878787879,0.825611888111888,0.491657423351082
"Test","CHEMBL233_Ki","ECFP_RF",0.842712842712843,0.867132867132867,0.803030303030303,0.835081585081585,0.391197772481934
"Test","CHEMBL233_Ki","ECFP_MLP",0.828282828282828,0.883449883449883,0.738636363636364,0.811043123543123,0.153834721817596
"Test","CHEMBL233_Ki","SMILES_MLP",0.789321789321789,0.904428904428904,0.602272727272727,0.753350815850816,0.400327175609958
"Test","CHEMBL233_Ki","SMILES_JMM",0.80952380952381,0.862470862470862,0.723484848484849,0.792977855477855,0.239006752747028
"Test","CHEMBL234_Ki","CATS_RF",0.864468864468865,0.932291666666667,0.703703703703704,0.817997685185185,0.372959406828547
"Test","CHEMBL234_Ki","ECFP_RF",0.884004884004884,0.923611111111111,0.790123456790123,0.856867283950617,0.353125614538706
"Test","CHEMBL234_Ki","ECFP_MLP",0.868131868131868,0.918402777777778,0.748971193415638,0.833686985596708,0.0780170468242645
"Test","CHEMBL234_Ki","SMILES_MLP",0.843711843711844,0.881944444444444,0.753086419753086,0.817515432098765,0.264644162433526
"Test","CHEMBL234_Ki","SMILES_JMM",0.864468864468865,0.930555555555556,0.707818930041152,0.819187242798354,0.0971355066640931
"Test","CHEMBL235_EC50","CATS_RF",0.844990548204159,0.764705882352941,0.877659574468085,0.821182728410513,0.431542748406427
"Test","CHEMBL235_EC50","ECFP_RF",0.85633270321361,0.725490196078431,0.909574468085106,0.817532332081769,0.368519452330624
"Test","CHEMBL235_EC50","ECFP_MLP",0.837429111531191,0.777777777777778,0.861702127659574,0.819739952718676,0.234937362049137
"Test","CHEMBL235_EC50","SMILES_MLP",0.809073724007561,0.758169934640523,0.829787234042553,0.793978584341538,0.205697467784756
"Test","CHEMBL235_EC50","SMILES_JMM",0.809073724007561,0.686274509803922,0.859042553191489,0.772658531497705,0.0906478161963008
"Test","CHEMBL236_Ki","CATS_RF",0.856363636363636,0.886120996441281,0.825278810408922,0.855699903425102,0.425923254994327
"Test","CHEMBL236_Ki","ECFP_RF",0.856363636363636,0.879003558718861,0.83271375464684,0.855858656682851,0.330332053173855
"Test","CHEMBL236_Ki","ECFP_MLP",0.850909090909091,0.875444839857651,0.825278810408922,0.850361825133287,0.17367636916831
"Test","CHEMBL236_Ki","SMILES_MLP",0.845454545454545,0.832740213523132,0.858736059479554,0.845738136501343,0.268505868895797
"Test","CHEMBL236_Ki","SMILES_JMM",0.849090909090909,0.843416370106762,0.855018587360595,0.849217478733678,0.161317615561286
"Test","CHEMBL237_EC50","CATS_RF",0.797979797979798,0.879310344827586,0.682926829268293,0.78111858704794,0.482454989282121
"Test","CHEMBL237_EC50","ECFP_RF",0.787878787878788,0.801724137931034,0.768292682926829,0.785008410428932,0.40171137117596
"Test","CHEMBL237_EC50","ECFP_MLP",0.762626262626263,0.767241379310345,0.75609756097561,0.761669470142977,0.176908688389659
"Test","CHEMBL237_EC50","SMILES_MLP",0.782828282828283,0.775862068965517,0.792682926829268,0.784272497897393,0.18971319196372
"Test","CHEMBL237_EC50","SMILES_JMM",0.772727272727273,0.818965517241379,0.707317073170732,0.763141295206055,0.115242786073356
"Test","CHEMBL237_Ki","CATS_RF",0.833619210977702,0.86094674556213,0.795918367346939,0.828432556454535,0.458904579831046
"Test","CHEMBL237_Ki","ECFP_RF",0.835334476843911,0.846153846153846,0.820408163265306,0.833281004709576,0.401145439303808
"Test","CHEMBL237_Ki","ECFP_MLP",0.831903945111492,0.846153846153846,0.812244897959184,0.829199372056515,0.349983711330341
"Test","CHEMBL237_Ki","SMILES_MLP",0.794168096054888,0.801775147928994,0.783673469387755,0.792724308658375,0.372238798831302
"Test","CHEMBL237_Ki","SMILES_JMM",0.794168096054888,0.849112426035503,0.718367346938775,0.783739886487139,0.225634783766169
"Test","CHEMBL238_Ki","CATS_RF",0.8625,0.794871794871795,0.895061728395062,0.844966761633428,0.525506122299167
"Test","CHEMBL238_Ki","ECFP_RF",0.870833333333333,0.82051282051282,0.895061728395062,0.857787274453941,0.3822619414655
"Test","CHEMBL238_Ki","ECFP_MLP",0.858333333333333,0.807692307692308,0.882716049382716,0.845204178537512,0.149170873414765
"Test","CHEMBL238_Ki","SMILES_MLP",0.808333333333333,0.833333333333333,0.796296296296296,0.814814814814815,0.229483791074731
"Test","CHEMBL238_Ki","SMILES_JMM",0.808333333333333,0.833333333333333,0.796296296296296,0.814814814814815,0.127200288421121
"Test","CHEMBL244_Ki","CATS_RF",0.839716312056738,0.854794520547945,0.823529411764706,0.839161966156326,0.465099755342411
"Test","CHEMBL244_Ki","ECFP_RF",0.846808510638298,0.865753424657534,0.826470588235294,0.846112006446414,0.408432154497872
"Test","CHEMBL244_Ki","ECFP_MLP",0.84113475177305,0.832876712328767,0.85,0.841438356164384,0.281974362946451
"Test","CHEMBL244_Ki","SMILES_MLP",0.84113475177305,0.879452054794521,0.8,0.83972602739726,0.33172704806404
"Test","CHEMBL244_Ki","SMILES_JMM",0.831205673758865,0.849315068493151,0.811764705882353,0.830539887187752,0.116891971012669
"Test","CHEMBL262_Ki","CATS_RF",0.810344827586207,0.619047619047619,0.918918918918919,0.768983268983269,0.496958568884483
"Test","CHEMBL262_Ki","ECFP_RF",0.810344827586207,0.650793650793651,0.900900900900901,0.775847275847276,0.449368877122414
"Test","CHEMBL262_Ki","ECFP_MLP",0.844827586206897,0.746031746031746,0.900900900900901,0.823466323466324,0.204540309281382
"Test","CHEMBL262_Ki","SMILES_MLP",0.706896551724138,0.746031746031746,0.684684684684685,0.715358215358215,0.49483683959593
"Test","CHEMBL262_Ki","SMILES_JMM",0.752873563218391,0.698412698412698,0.783783783783784,0.741098241098241,0.23389511232455
"Test","CHEMBL264_Ki","CATS_RF",0.871757925072046,0.963031423290203,0.549019607843137,0.75602551556667,0.403821832799135
"Test","CHEMBL264_Ki","ECFP_RF",0.877521613832853,0.975970425138632,0.529411764705882,0.752691094922257,0.316210117885014
"Test","CHEMBL264_Ki","ECFP_MLP",0.871757925072046,0.942698706099815,0.620915032679739,0.781806869389777,0.172798576610156
"Test","CHEMBL264_Ki","SMILES_MLP",0.854466858789625,0.898336414048059,0.699346405228758,0.798841409638409,0.309978937727541
"Test","CHEMBL264_Ki","SMILES_JMM",0.863112391930836,0.931608133086876,0.620915032679739,0.776261582883307,0.121039158437218
"Test","CHEMBL2835_Ki","CATS_RF",0.973684210526316,1,0.2,0.6,0.0680175987252632
"Test","CHEMBL2835_Ki","ECFP_RF",0.967105263157895,1,0,0.5,0.0494594313728947
"Test","CHEMBL2835_Ki","ECFP_MLP",0.967105263157895,1,0,0.5,0.000154305795780919
"Test","CHEMBL2835_Ki","SMILES_MLP",0.960526315789474,0.986394557823129,0.2,0.593197278911565,0.00203902901161995
"Test","CHEMBL2835_Ki","SMILES_JMM",0.967105263157895,1,0,0.5,0.00168415855312463
"Test","CHEMBL287_Ki","CATS_RF",0.754448398576512,0.903553299492386,0.404761904761905,0.654157602127145,0.586740188067616
"Test","CHEMBL287_Ki","ECFP_RF",0.786476868327402,0.934010152284264,0.44047619047619,0.687243171380227,0.415397044225623
"Test","CHEMBL287_Ki","ECFP_MLP",0.822064056939502,0.908629441624365,0.619047619047619,0.763838530335992,0.308395305468152
"Test","CHEMBL287_Ki","SMILES_MLP",0.765124555160142,0.898477157360406,0.452380952380952,0.675429054870679,0.288323764776531
"Test","CHEMBL287_Ki","SMILES_JMM",0.768683274021352,0.873096446700508,0.523809523809524,0.698452985255016,0.151374696647722
"Test","CHEMBL2971_Ki","CATS_RF",0.819004524886878,0.804597701149425,0.872340425531915,0.83846906334067,0.30296983426371
"Test","CHEMBL2971_Ki","ECFP_RF",0.864253393665158,0.839080459770115,0.957446808510638,0.898263634140377,0.242984262790407
"Test","CHEMBL2971_Ki","ECFP_MLP",0.873303167420814,0.873563218390805,0.872340425531915,0.87295182196136,0.107502083104536
"Test","CHEMBL2971_Ki","SMILES_MLP",0.868778280542986,0.885057471264368,0.808510638297872,0.84678405478112,0.0763662535228715
"Test","CHEMBL2971_Ki","SMILES_JMM",0.877828054298643,0.890804597701149,0.829787234042553,0.860295915871851,0.0411459325439925
"Test","CHEMBL3979_EC50","CATS_RF",0.822033898305085,0.844660194174757,0.804511278195489,0.824585736185123,0.430903276100847
"Test","CHEMBL3979_EC50","ECFP_RF",0.809322033898305,0.815533980582524,0.804511278195489,0.810022629389006,0.374068235369915
"Test","CHEMBL3979_EC50","ECFP_MLP",0.826271186440678,0.854368932038835,0.804511278195489,0.829440105117162,0.249785818452719
"Test","CHEMBL3979_EC50","SMILES_MLP",0.783898305084746,0.786407766990291,0.781954887218045,0.784181327104168,0.220784471590679
"Test","CHEMBL3979_EC50","SMILES_JMM",0.771186440677966,0.796116504854369,0.75187969924812,0.773998102051245,0.125019323341891
"Test","CHEMBL4005_Ki","CATS_RF",0.816037735849057,0.897590361445783,0.521739130434783,0.709664745940283,0.489255488773113
"Test","CHEMBL4005_Ki","ECFP_RF",0.839622641509434,0.891566265060241,0.652173913043478,0.77187008905186,0.351692343135472
"Test","CHEMBL4005_Ki","ECFP_MLP",0.834905660377358,0.879518072289157,0.673913043478261,0.776715557883709,0.0835631060580495
"Test","CHEMBL4005_Ki","SMILES_MLP",0.820754716981132,0.885542168674699,0.58695652173913,0.736249345206915,0.243153493486864
"Test","CHEMBL4005_Ki","SMILES_JMM",0.806603773584906,0.849397590361446,0.652173913043478,0.750785751702462,0.151589259400292
"Test","CHEMBL4203_Ki","CATS_RF",0.841379310344828,0.5,0.99009900990099,0.745049504950495,0.535007039984828
"Test","CHEMBL4203_Ki","ECFP_RF",0.806896551724138,0.454545454545455,0.96039603960396,0.707470747074707,0.514659981744138
"Test","CHEMBL4203_Ki","ECFP_MLP",0.83448275862069,0.568181818181818,0.95049504950495,0.759338433843384,0.244333070874683
"Test","CHEMBL4203_Ki","SMILES_MLP",0.696551724137931,0.681818181818182,0.702970297029703,0.692394239423942,0.537047036430156
"Test","CHEMBL4203_Ki","SMILES_JMM",0.786206896551724,0.522727272727273,0.900990099009901,0.711858685868587,0.23767250095714
"Test","CHEMBL4616_EC50","CATS_RF",0.88,0.981132075471698,0.31578947368421,0.648460774577954,0.2792978570104
"Test","CHEMBL4616_EC50","ECFP_RF",0.872,0.981132075471698,0.263157894736842,0.62214498510427,0.2515639173752
"Test","CHEMBL4616_EC50","ECFP_MLP",0.888,0.981132075471698,0.368421052631579,0.674776564051639,0.0579689633236427
"Test","CHEMBL4616_EC50","SMILES_MLP",0.904,0.971698113207547,0.526315789473684,0.749006951340616,0.0998633286348464
"Test","CHEMBL4616_EC50","SMILES_JMM",0.88,0.962264150943396,0.421052631578947,0.691658391261172,0.051327489789576
"Test","CHEMBL4792_Ki","CATS_RF",0.815426997245179,0.763157894736842,0.853080568720379,0.808119231728611,0.48277312690303
"Test","CHEMBL4792_Ki","ECFP_RF",0.834710743801653,0.796052631578947,0.862559241706161,0.829305936642554,0.445726939871625
"Test","CHEMBL4792_Ki","ECFP_MLP",0.829201101928375,0.822368421052632,0.834123222748815,0.828245821900723,0.288110323841165
"Test","CHEMBL4792_Ki","SMILES_MLP",0.790633608815427,0.789473684210526,0.791469194312796,0.790471439261661,0.287947352182343
"Test","CHEMBL4792_Ki","SMILES_JMM",0.807162534435262,0.789473684210526,0.819905213270142,0.804689448740334,0.134156994286064
"Test","ESR1_ant","CATS_RF",0.987864077669903,0,1,0.5,0.0404963076379126
"Test","ESR1_ant","ECFP_RF",0.989077669902913,0.1,1,0.55,0.11321801691318
"Test","ESR1_ant","ECFP_MLP",0.987864077669903,0,1,0.5,0.012882349459257
"Test","ESR1_ant","SMILES_MLP",0.987864077669903,0.1,0.998771498771499,0.549385749385749,0.00391638976323963
"Test","ESR1_ant","SMILES_JMM",0.987864077669903,0.1,0.998771498771499,0.549385749385749,0.0020228710591102
"Test","PPARG","CATS_RF",0.995157384987893,0,1,0.5,0.0163207441471186
"Test","PPARG","ECFP_RF",0.995157384987893,0,1,0.5,0.0156246311293463
"Test","PPARG","ECFP_MLP",0.995157384987893,0,1,0.5,0.00945213346071165
"Test","PPARG","SMILES_MLP",0.990314769975787,0,0.995133819951338,0.497566909975669,0.0079582473764698
"Test","PPARG","SMILES_JMM",0.995157384987893,0,1,0.5,0.000893256787239517
"Test","TP53","CATS_RF",0.979480164158687,0,0.99860529986053,0.499302649930265,0.10296904876643
"Test","TP53","ECFP_RF",0.979480164158687,0,0.99860529986053,0.499302649930265,0.396463330430643
"Test","TP53","ECFP_MLP",0.982216142270862,0.142857142857143,0.99860529986053,0.570731221358836,0.00963152726986435
"Test","TP53","SMILES_MLP",0.976744186046512,0.0714285714285714,0.99442119944212,0.532924885435346,0.00872220069321528
"Test","TP53","SMILES_JMM",0.980848153214774,0.0714285714285714,0.99860529986053,0.535016935644551,0.00261561940008722
"OOD","Ames_mutagenicity","CATS_RF",0.662480376766091,0.565410199556541,0.715674362089915,0.640542280823228,0.632043042762559
"OOD","Ames_mutagenicity","ECFP_RF",0.733908948194662,0.51219512195122,0.855407047387606,0.683801084669413,0.57630038468595
"OOD","Ames_mutagenicity","ECFP_MLP",0.721350078492936,0.565410199556541,0.806804374240583,0.686107286898562,0.447082868810509
"OOD","Ames_mutagenicity","SMILES_MLP",0.664835164835165,0.483370288248337,0.764277035236938,0.623823661742638,0.565954368118967
"OOD","Ames_mutagenicity","SMILES_JMM",0.691522762951334,0.57649667405765,0.754556500607533,0.665526587332592,0.403013663379477
"OOD","CHEMBL1862_Ki","CATS_RF",0.75,0.611111111111111,0.81578947368421,0.713450292397661,0.62885533505119
"OOD","CHEMBL1862_Ki","ECFP_RF",0.833333333333333,0.518518518518518,0.982456140350877,0.750487329434698,0.515406384922024
"OOD","CHEMBL1862_Ki","ECFP_MLP",0.80952380952381,0.574074074074074,0.921052631578947,0.747563352826511,0.389698254266406
"OOD","CHEMBL1862_Ki","SMILES_MLP",0.773809523809524,0.518518518518518,0.894736842105263,0.706627680311891,0.151640818417845
"OOD","CHEMBL1862_Ki","SMILES_JMM",0.720238095238095,0.537037037037037,0.807017543859649,0.672027290448343,0.0875049356673307
"OOD","CHEMBL1871_Ki","CATS_RF",0.737373737373737,0.571428571428571,0.828125,0.699776785714286,0.647331396473737
"OOD","CHEMBL1871_Ki","ECFP_RF",0.696969696969697,0.228571428571429,0.953125,0.590848214285714,0.576324826111111
"OOD","CHEMBL1871_Ki","ECFP_MLP",0.696969696969697,0.314285714285714,0.90625,0.610267857142857,0.135982931931443
"OOD","CHEMBL1871_Ki","SMILES_MLP",0.707070707070707,0.542857142857143,0.796875,0.669866071428571,0.223236374966284
"OOD","CHEMBL1871_Ki","SMILES_JMM",0.727272727272727,0.657142857142857,0.765625,0.711383928571429,0.163867217401646
"OOD","CHEMBL2034_Ki","CATS_RF",0.753012048192771,1,0.0238095238095238,0.511904761904762,0.392651501386145
"OOD","CHEMBL2034_Ki","ECFP_RF",0.759036144578313,1,0.0476190476190476,0.523809523809524,0.360231106869518
"OOD","CHEMBL2034_Ki","ECFP_MLP",0.746987951807229,1,0,0.5,0.133638689323762
"OOD","CHEMBL2034_Ki","SMILES_MLP",0.801204819277108,0.967741935483871,0.30952380952381,0.63863287250384,0.122080609409826
"OOD","CHEMBL2034_Ki","SMILES_JMM",0.807228915662651,0.983870967741936,0.285714285714286,0.63479262672811,0.0563138818237146
"OOD","CHEMBL2047_EC50","CATS_RF",0.895104895104895,0,1,0.5,0.481645475617482
"OOD","CHEMBL2047_EC50","ECFP_RF",0.895104895104895,0,1,0.5,0.370015810386713
"OOD","CHEMBL2047_EC50","ECFP_MLP",0.902097902097902,0.133333333333333,0.9921875,0.562760416666667,0.06692246949669
"OOD","CHEMBL2047_EC50","SMILES_MLP",0.846153846153846,0.8,0.8515625,0.82578125,0.139501593797873
"OOD","CHEMBL2047_EC50","SMILES_JMM",0.888111888111888,0.6,0.921875,0.7609375,0.073350435629589
"OOD","CHEMBL204_Ki","CATS_RF",0.771324863883848,0.497041420118343,0.892670157068063,0.694855788593203,0.519550461150998
"OOD","CHEMBL204_Ki","ECFP_RF",0.814882032667877,0.70414201183432,0.863874345549738,0.784008178692029,0.504370806701089
"OOD","CHEMBL204_Ki","ECFP_MLP",0.778584392014519,0.597633136094675,0.858638743455497,0.728135939775086,0.210737891228086
"OOD","CHEMBL204_Ki","SMILES_MLP",0.698729582577132,0.739644970414201,0.680628272251309,0.710136621332755,0.252530931998441
"OOD","CHEMBL204_Ki","SMILES_JMM",0.715063520871143,0.692307692307692,0.725130890052356,0.708719291180024,0.096841252796359
"OOD","CHEMBL2147_Ki","CATS_RF",0.82122905027933,0.6,0.879858657243816,0.739929328621908,0.543017115116257
"OOD","CHEMBL2147_Ki","ECFP_RF",0.85195530726257,0.613333333333333,0.915194346289753,0.764263839811543,0.369981398543631
"OOD","CHEMBL2147_Ki","ECFP_MLP",0.846368715083799,0.626666666666667,0.904593639575972,0.765630153121319,0.0791024371654591
"OOD","CHEMBL2147_Ki","SMILES_MLP",0.773743016759777,0.613333333333333,0.816254416961131,0.714793875147232,0.314274189591899
"OOD","CHEMBL2147_Ki","SMILES_JMM",0.751396648044693,0.586666666666667,0.795053003533569,0.690859835100118,0.142287121566279
"OOD","CHEMBL214_Ki","CATS_RF",0.641089108910891,0.708061002178649,0.553008595988539,0.630534799083594,0.650381557093441
"OOD","CHEMBL214_Ki","ECFP_RF",0.696782178217822,0.586056644880174,0.842406876790831,0.714231760835503,0.615642128090099
"OOD","CHEMBL214_Ki","ECFP_MLP",0.665841584158416,0.586056644880174,0.770773638968481,0.678415141924328,0.409181559946002
"OOD","CHEMBL214_Ki","SMILES_MLP",0.650990099009901,0.640522875816993,0.664756446991404,0.652639661404199,0.383870043585491
"OOD","CHEMBL214_Ki","SMILES_JMM",0.667079207920792,0.67755991285403,0.653295128939828,0.665427520896929,0.215775980733126
"OOD","CHEMBL218_EC50","CATS_RF",0.606694560669456,0.112244897959184,0.950354609929078,0.531299753944131,0.599063978553975
"OOD","CHEMBL218_EC50","ECFP_RF",0.610878661087866,0.295918367346939,0.829787234042553,0.562852800694746,0.585827371848117
"OOD","CHEMBL218_EC50","ECFP_MLP",0.635983263598326,0.397959183673469,0.801418439716312,0.599688811694891,0.206851035230413
"OOD","CHEMBL218_EC50","SMILES_MLP",0.631799163179916,0.63265306122449,0.631205673758865,0.631929367491677,0.399972428170141
"OOD","CHEMBL218_EC50","SMILES_JMM",0.623430962343096,0.510204081632653,0.702127659574468,0.606165870603561,0.217429629303386
"OOD","CHEMBL219_Ki","CATS_RF",0.567796610169492,0.872727272727273,0.301587301587302,0.587157287157287,0.668645933315819
"OOD","CHEMBL219_Ki","ECFP_RF",0.576271186440678,0.672727272727273,0.492063492063492,0.582395382395382,0.649285032191243
"OOD","CHEMBL219_Ki","ECFP_MLP",0.652542372881356,0.587878787878788,0.708994708994709,0.648436748436748,0.452313402946088
"OOD","CHEMBL219_Ki","SMILES_MLP",0.548022598870056,0.43030303030303,0.650793650793651,0.540548340548341,0.380437838694337
"OOD","CHEMBL219_Ki","SMILES_JMM",0.576271186440678,0.533333333333333,0.613756613756614,0.573544973544974,0.206983601436327
"OOD","CHEMBL228_Ki","CATS_RF",0.614427860696517,0.617977528089888,0.607407407407407,0.612692467748647,0.672390657565174
"OOD","CHEMBL228_Ki","ECFP_RF",0.624378109452736,0.543071161048689,0.785185185185185,0.664128173116937,0.630152285329602
"OOD","CHEMBL228_Ki","ECFP_MLP",0.718905472636816,0.805243445692884,0.548148148148148,0.676695796920516,0.270630141531826
"OOD","CHEMBL228_Ki","SMILES_MLP",0.626865671641791,0.719101123595506,0.444444444444444,0.581772784019975,0.504451079930188
"OOD","CHEMBL228_Ki","SMILES_JMM",0.621890547263682,0.719101123595506,0.42962962962963,0.574365376612568,0.266474512630886
"OOD","CHEMBL231_Ki","CATS_RF",0.426605504587156,0.202898550724638,0.8125,0.507699275362319,0.656364922219725
"OOD","CHEMBL231_Ki","ECFP_RF",0.440366972477064,0.152173913043478,0.9375,0.544836956521739,0.607434058215138
"OOD","CHEMBL231_Ki","ECFP_MLP",0.454128440366972,0.210144927536232,0.875,0.542572463768116,0.0740759939729256
"OOD","CHEMBL231_Ki","SMILES_MLP",0.495412844036697,0.442028985507246,0.5875,0.514764492753623,0.294049387481173
"OOD","CHEMBL231_Ki","SMILES_JMM",0.477064220183486,0.384057971014493,0.6375,0.510778985507246,0.210737846610474
"OOD","CHEMBL233_Ki","CATS_RF",0.626262626262626,0.322448979591837,0.792410714285714,0.557429846938776,0.638826418533333
"OOD","CHEMBL233_Ki","ECFP_RF",0.67965367965368,0.171428571428571,0.957589285714286,0.564508928571429,0.556889525603896
"OOD","CHEMBL233_Ki","ECFP_MLP",0.632034632034632,0.285714285714286,0.821428571428571,0.553571428571429,0.238855920891416
"OOD","CHEMBL233_Ki","SMILES_MLP",0.421356421356421,0.669387755102041,0.285714285714286,0.477551020408163,0.493280324243106
"OOD","CHEMBL233_Ki","SMILES_JMM",0.467532467532468,0.587755102040816,0.401785714285714,0.494770408163265,0.354805822641852
"OOD","CHEMBL234_Ki","CATS_RF",0.656898656898657,0.785202863961814,0.5225,0.653851431980907,0.632183526720635
"OOD","CHEMBL234_Ki","ECFP_RF",0.671550671550671,0.60381861575179,0.7425,0.673159307875895,0.621865731765446
"OOD","CHEMBL234_Ki","ECFP_MLP",0.643467643467644,0.706443914081146,0.5775,0.641971957040573,0.179537336509367
"OOD","CHEMBL234_Ki","SMILES_MLP",0.61050061050061,0.553699284009546,0.67,0.611849642004773,0.416874695812177
"OOD","CHEMBL234_Ki","SMILES_JMM",0.604395604395604,0.713603818615752,0.49,0.601801909307876,0.217420168108418
"OOD","CHEMBL235_EC50","CATS_RF",0.699432892249527,0.108433734939759,0.96969696969697,0.539065352318364,0.507406123020794
"OOD","CHEMBL235_EC50","ECFP_RF",0.722117202268431,0.168674698795181,0.975206611570248,0.571940655182714,0.457516310579206
"OOD","CHEMBL235_EC50","ECFP_MLP",0.718336483931947,0.210843373493976,0.950413223140496,0.580628298317236,0.208222460704048
"OOD","CHEMBL235_EC50","SMILES_MLP",0.710775047258979,0.349397590361446,0.87603305785124,0.612715324106343,0.228165622689335
"OOD","CHEMBL235_EC50","SMILES_JMM",0.693761814744801,0.240963855421687,0.900826446280992,0.570895150851339,0.0837268106176161
"OOD","CHEMBL236_Ki","CATS_RF",0.789090909090909,0.763698630136986,0.817829457364341,0.790764043750664,0.592870373882909
"OOD","CHEMBL236_Ki","ECFP_RF",0.738181818181818,0.839041095890411,0.624031007751938,0.731536051821174,0.501705762293273
"OOD","CHEMBL236_Ki","ECFP_MLP",0.781818181818182,0.804794520547945,0.755813953488372,0.780304237018159,0.210621083808065
"OOD","CHEMBL236_Ki","SMILES_MLP",0.674545454545455,0.767123287671233,0.569767441860465,0.668445364765849,0.296923429065105
"OOD","CHEMBL236_Ki","SMILES_JMM",0.674545454545455,0.777397260273973,0.558139534883721,0.667768397578847,0.172683087756961
"OOD","CHEMBL237_EC50","CATS_RF",0.338383838383838,0.0775193798449612,0.826086956521739,0.45180316818335,0.604963912221717
"OOD","CHEMBL237_EC50","ECFP_RF",0.388888888888889,0.0775193798449612,0.971014492753623,0.524266936299292,0.554133663816667
"OOD","CHEMBL237_EC50","ECFP_MLP",0.358585858585859,0.116279069767442,0.811594202898551,0.463936636332996,0.325741379626423
"OOD","CHEMBL237_EC50","SMILES_MLP",0.378787878787879,0.131782945736434,0.840579710144927,0.486181327940681,0.228099790606418
"OOD","CHEMBL237_EC50","SMILES_JMM",0.404040404040404,0.27906976744186,0.63768115942029,0.458375463431075,0.197287967822144
"OOD","CHEMBL237_Ki","CATS_RF",0.665523156089194,0.454545454545455,0.793388429752066,0.62396694214876,0.627487807654374
"OOD","CHEMBL237_Ki","ECFP_RF",0.665523156089194,0.277272727272727,0.900826446280992,0.58904958677686,0.539832600540137
"OOD","CHEMBL237_Ki","ECFP_MLP",0.679245283018868,0.304545454545455,0.90633608815427,0.605440771349862,0.424764501876166
"OOD","CHEMBL237_Ki","SMILES_MLP",0.638078902229846,0.513636363636364,0.713498622589532,0.613567493112948,0.474288314079553
"OOD","CHEMBL237_Ki","SMILES_JMM",0.608919382504288,0.563636363636364,0.636363636363636,0.6,0.309715657768257
"OOD","CHEMBL238_Ki","CATS_RF",0.533333333333333,0.16030534351145,0.981651376146789,0.57097835982912,0.617822434138333
"OOD","CHEMBL238_Ki","ECFP_RF",0.616666666666667,0.435114503816794,0.834862385321101,0.634988444568947,0.479242048400417
"OOD","CHEMBL238_Ki","ECFP_MLP",0.595833333333333,0.366412213740458,0.871559633027523,0.61898592338399,0.193365837707586
"OOD","CHEMBL238_Ki","SMILES_MLP",0.566666666666667,0.442748091603053,0.715596330275229,0.579172210939141,0.272500208338097
"OOD","CHEMBL238_Ki","SMILES_JMM",0.558333333333333,0.473282442748092,0.660550458715596,0.566916450731844,0.173898833407211
"OOD","CHEMBL244_Ki","CATS_RF",0.811347517730496,0.831884057971015,0.791666666666667,0.811775362318841,0.623291555542979
"OOD","CHEMBL244_Ki","ECFP_RF",0.887943262411347,0.898550724637681,0.877777777777778,0.88816425120773,0.555400415829362
"OOD","CHEMBL244_Ki","ECFP_MLP",0.882269503546099,0.895652173913044,0.869444444444444,0.882548309178744,0.304502091616256
"OOD","CHEMBL244_Ki","SMILES_MLP",0.682269503546099,0.852173913043478,0.519444444444444,0.685809178743961,0.333452067534746
"OOD","CHEMBL244_Ki","SMILES_JMM",0.699290780141844,0.826086956521739,0.577777777777778,0.701932367149758,0.122424975552157
"OOD","CHEMBL262_Ki","CATS_RF",0.844827586206897,0.257142857142857,0.992805755395684,0.62497430626927,0.545669249344828
"OOD","CHEMBL262_Ki","ECFP_RF",0.82183908045977,0.457142857142857,0.913669064748201,0.685405960945529,0.456850182197126
"OOD","CHEMBL262_Ki","ECFP_MLP",0.78735632183908,0.457142857142857,0.870503597122302,0.66382322713258,0.206151132934287
"OOD","CHEMBL262_Ki","SMILES_MLP",0.752873563218391,0.457142857142857,0.827338129496403,0.64224049331963,0.461848922051254
"OOD","CHEMBL262_Ki","SMILES_JMM",0.833333333333333,0.428571428571429,0.935251798561151,0.68191161356629,0.195952783431223
"OOD","CHEMBL264_Ki","CATS_RF",0.693083573487032,0.919148936170213,0.21875,0.568949468085106,0.524238320957493
"OOD","CHEMBL264_Ki","ECFP_RF",0.697406340057637,0.925531914893617,0.21875,0.572140957446808,0.507546322271037
"OOD","CHEMBL264_Ki","ECFP_MLP",0.690201729106628,0.865957446808511,0.321428571428571,0.593693009118541,0.273993858083687
"OOD","CHEMBL264_Ki","SMILES_MLP",0.646974063400576,0.821276595744681,0.28125,0.55126329787234,0.336539831315638
"OOD","CHEMBL264_Ki","SMILES_JMM",0.671469740634006,0.872340425531915,0.25,0.561170212765957,0.125694637349105
"OOD","CHEMBL2835_Ki","CATS_RF",0.697368421052632,0.675675675675676,0.75609756097561,0.715886618325643,0.64443164179079
"OOD","CHEMBL2835_Ki","ECFP_RF",0.243421052631579,0.009009009009009,0.878048780487805,0.443528894748407,0.631923723094079
"OOD","CHEMBL2835_Ki","ECFP_MLP",0.802631578947368,0.981981981981982,0.317073170731707,0.649527576356845,0.0384352381187123
"OOD","CHEMBL2835_Ki","SMILES_MLP",0.828947368421053,0.810810810810811,0.878048780487805,0.844429795649308,0.0341746270768749
"OOD","CHEMBL2835_Ki","SMILES_JMM",0.894736842105263,0.954954954954955,0.731707317073171,0.843331136014063,0.0179835853346679
"OOD","CHEMBL287_Ki","CATS_RF",0.580071174377224,0.979452054794521,0.148148148148148,0.563800101471334,0.627964626336655
"OOD","CHEMBL287_Ki","ECFP_RF",0.594306049822064,0.965753424657534,0.192592592592593,0.579173008625063,0.553866627901068
"OOD","CHEMBL287_Ki","ECFP_MLP",0.697508896797153,0.828767123287671,0.555555555555556,0.692161339421613,0.383231955857942
"OOD","CHEMBL287_Ki","SMILES_MLP",0.569395017793594,0.842465753424658,0.274074074074074,0.558269913749366,0.322525090332018
"OOD","CHEMBL287_Ki","SMILES_JMM",0.583629893238434,0.835616438356164,0.311111111111111,0.573363774733638,0.165250280400555
"OOD","CHEMBL2971_Ki","CATS_RF",0.79185520361991,0.647058823529412,0.915966386554622,0.781512605042017,0.554540258244615
"OOD","CHEMBL2971_Ki","ECFP_RF",0.832579185520362,0.686274509803922,0.957983193277311,0.822128851540616,0.44398720807457
"OOD","CHEMBL2971_Ki","ECFP_MLP",0.755656108597285,0.823529411764706,0.697478991596639,0.760504201680672,0.223340390307203
"OOD","CHEMBL2971_Ki","SMILES_MLP",0.746606334841629,0.61764705882353,0.857142857142857,0.737394957983193,0.174784372243961
"OOD","CHEMBL2971_Ki","SMILES_JMM",0.728506787330317,0.696078431372549,0.756302521008403,0.726190476190476,0.0826862711780853
"OOD","CHEMBL3979_EC50","CATS_RF",0.703389830508475,0.317073170731707,0.909090909090909,0.613082039911308,0.564459170253814
"OOD","CHEMBL3979_EC50","ECFP_RF",0.75,0.402439024390244,0.935064935064935,0.66875197972759,0.511969283136864
"OOD","CHEMBL3979_EC50","ECFP_MLP",0.720338983050847,0.463414634146341,0.857142857142857,0.660278745644599,0.314703695334973
"OOD","CHEMBL3979_EC50","SMILES_MLP",0.669491525423729,0.402439024390244,0.811688311688312,0.607063668039278,0.232524809184023
"OOD","CHEMBL3979_EC50","SMILES_JMM",0.673728813559322,0.402439024390244,0.818181818181818,0.610310421286031,0.135927875158941
"OOD","CHEMBL4005_Ki","CATS_RF",0.740566037735849,0.967320261437908,0.152542372881356,0.559931317159632,0.59871121942783
"OOD","CHEMBL4005_Ki","ECFP_RF",0.759433962264151,0.92156862745098,0.338983050847458,0.630275839149219,0.549133914741981
"OOD","CHEMBL4005_Ki","ECFP_MLP",0.735849056603774,0.803921568627451,0.559322033898305,0.681621801262878,0.156544574315084
"OOD","CHEMBL4005_Ki","SMILES_MLP",0.674528301886792,0.869281045751634,0.169491525423729,0.519386285587681,0.293581460832678
"OOD","CHEMBL4005_Ki","SMILES_JMM",0.683962264150943,0.843137254901961,0.271186440677966,0.557161847789963,0.198242955525006
"OOD","CHEMBL4203_Ki","CATS_RF",0.703448275862069,0.173913043478261,0.94949494949495,0.561703996486605,0.583608623444828
"OOD","CHEMBL4203_Ki","ECFP_RF",0.737931034482759,0.217391304347826,0.97979797979798,0.598594642072903,0.547934262014483
"OOD","CHEMBL4203_Ki","ECFP_MLP",0.63448275862069,0.282608695652174,0.797979797979798,0.540294246815986,0.29795617081608
"OOD","CHEMBL4203_Ki","SMILES_MLP",0.579310344827586,0.41304347826087,0.656565656565657,0.534804567413263,0.556826983175048
"OOD","CHEMBL4203_Ki","SMILES_JMM",0.641379310344828,0.130434782608696,0.878787878787879,0.504611330698287,0.242593781794745
"OOD","CHEMBL4616_EC50","CATS_RF",0.736,0.774774774774775,0.428571428571429,0.601673101673102,0.6315702932696
"OOD","CHEMBL4616_EC50","ECFP_RF",0.888,0.954954954954955,0.357142857142857,0.656048906048906,0.6032712435824
"OOD","CHEMBL4616_EC50","ECFP_MLP",0.88,0.945945945945946,0.357142857142857,0.651544401544402,0.119508931961123
"OOD","CHEMBL4616_EC50","SMILES_MLP",0.416,0.387387387387387,0.642857142857143,0.515122265122265,0.189351619141701
"OOD","CHEMBL4616_EC50","SMILES_JMM",0.376,0.333333333333333,0.714285714285714,0.523809523809524,0.119469245904053
"OOD","CHEMBL4792_Ki","CATS_RF",0.50137741046832,0.110552763819095,0.975609756097561,0.543081259958328,0.662609502637741
"OOD","CHEMBL4792_Ki","ECFP_RF",0.460055096418733,0.0351758793969849,0.975609756097561,0.505392817747273,0.629287536251791
"OOD","CHEMBL4792_Ki","ECFP_MLP",0.446280991735537,0.115577889447236,0.847560975609756,0.481569432528496,0.400939479296235
"OOD","CHEMBL4792_Ki","SMILES_MLP",0.545454545454545,0.281407035175879,0.865853658536585,0.573630346856232,0.343849960146417
"OOD","CHEMBL4792_Ki","SMILES_JMM",0.534435261707989,0.271356783919598,0.853658536585366,0.562507660252482,0.128495431412928
"OOD","ESR1_ant","CATS_RF",0.961165048543689,0,1,0.5,0.0933747078302185
"OOD","ESR1_ant","ECFP_RF",0.961165048543689,0,1,0.5,0.184476663307597
"OOD","ESR1_ant","ECFP_MLP",0.961165048543689,0.03125,0.998737373737374,0.514993686868687,0.00722005788802133
"OOD","ESR1_ant","SMILES_MLP",0.95752427184466,0.0625,0.993686868686869,0.528093434343434,0.0119319860367097
"OOD","ESR1_ant","SMILES_JMM",0.95873786407767,0.03125,0.996212121212121,0.513731060606061,0.00539850671666576
"OOD","PPARG","CATS_RF",0.98910411622276,0,1,0.5,0.0331707788528813
"OOD","PPARG","ECFP_RF",0.98910411622276,0,1,0.5,0.029805483630121
"OOD","PPARG","ECFP_MLP",0.98910411622276,0,1,0.5,0.00258667114088434
"OOD","PPARG","SMILES_MLP",0.986682808716707,0,0.997552019583843,0.498776009791922,0.0126088495692856
"OOD","PPARG","SMILES_JMM",0.986682808716707,0,0.997552019583843,0.498776009791922,0.00132266212304665
"OOD","TP53","CATS_RF",0.972640218878249,0,1,0.5,0.140346311673844
"OOD","TP53","ECFP_RF",0.972640218878249,0,1,0.5,0.400310650445554
"OOD","TP53","ECFP_MLP",0.972640218878249,0,1,0.5,0.000840547902073677
"OOD","TP53","SMILES_MLP",0.971272229822161,0,0.9985935302391,0.49929676511955,0.00613359714020878
"OOD","TP53","SMILES_JMM",0.969904240766074,0,0.9971870604782,0.4985935302391,0.00245221493036664
